Code Domaine,Domaine,Code zone,Zone,Code Élément,Élément,Code Produit,Produit,Code année,Année,Unité,Valeur,Symbole,Description du Symbole,Note
"MK","Indicateurs macro","2","Afghanistan","6119","Valeur (US $)","22014","Produit intérieur brut par habitant","2012","2012","","694.885886","Fc","Donnée calculée",""
"MK","Indicateurs macro","2","Afghanistan","6119","Valeur (US $)","22014","Produit intérieur brut par habitant","2013","2013","","681.033974","Fc","Donnée calculée",""
"MK","Indicateurs macro","202","Afrique du Sud","6119","Valeur (US $)","22014","Produit intérieur brut par habitant","2012","2012","","7478.165487","Fc","Donnée calculée",""
"MK","Indicateurs macro","202","Afrique du Sud","6119","Valeur (US $)","22014","Produit intérieur brut par habitant","2013","2013","","6818.736993","Fc","Donnée calculée",""
"MK","Indicateurs macro","3","Albanie","6119","Valeur (US $)","22014","Produit intérieur brut par habitant","2012","2012","","4219.046254","Fc","Donnée calculée",""
"MK","Indicateurs macro","3","Albanie","6119","Valeur (US $)","22014","Produit intérieur brut par habitant","2013","2013","","4376.970549","Fc","Donnée calculée",""
"MK","Indicateurs macro","4","Algérie","6119","Valeur (US $)","22014","Produit intérieur brut par habitant","2012","2012","","5564.82806","Fc","Donnée calculée",""
"MK","Indicateurs macro","4","Algérie","6119","Valeur (US $)","22014","Produit intérieur brut par habitant","2013","2013","","5471.866638","Fc","Donnée calculée",""
"MK","Indicateurs macro","79","Allemagne","6119","Valeur (US $)","22014","Produit intérieur brut par habitant","2012","2012","","43717.143335","Fc","Donnée calculée",""
"MK","Indicateurs macro","79","Allemagne","6119","Valeur (US $)","22014","Produit intérieur brut par habitant","2013","2013","","46176.177749","Fc","Donnée calculée",""
"MK","Indicateurs macro","6","Andorre","6119","Valeur (US $)","22014","Produit intérieur brut par habitant","2012","2012","","38391.396492","Fc","Donnée calculée",""
"MK","Indicateurs macro","6","Andorre","6119","Valeur (US $)","22014","Produit intérieur brut par habitant","2013","2013","","40621.91272","Fc","Donnée calculée",""
"MK","Indicateurs macro","7","Angola","6119","Valeur (US $)","22014","Produit intérieur brut par habitant","2012","2012","","5102.492422","Fc","Donnée calculée",""
"MK","Indicateurs macro","7","Angola","6119","Valeur (US $)","22014","Produit intérieur brut par habitant","2013","2013","","5258.408672","Fc","Donnée calculée",""
"MK","Indicateurs macro","258","Anguilla","6119","Valeur (US $)","22014","Produit intérieur brut par habitant","2012","2012","","19825.305479","Fc","Donnée calculée",""
"MK","Indicateurs macro","258","Anguilla","6119","Valeur (US $)","22014","Produit intérieur brut par habitant","2013","2013","","19721.079407","Fc","Donnée calculée",""
"MK","Indicateurs macro","8","Antigua-et-Barbuda","6119","Valeur (US $)","22014","Produit intérieur brut par habitant","2012","2012","","12565.428195","Fc","Donnée calculée",""
"MK","Indicateurs macro","8","Antigua-et-Barbuda","6119","Valeur (US $)","22014","Produit intérieur brut par habitant","2013","2013","","12224.864912","Fc","Donnée calculée",""
"MK","Indicateurs macro","151","Antilles néerlandaises (ex)","6119","Valeur (US $)","22014","Produit intérieur brut par habitant","2012","2012","","21309.871808","Fc","Donnée calculée",""
"MK","Indicateurs macro","194","Arabie saoudite","6119","Valeur (US $)","22014","Produit intérieur brut par habitant","2012","2012","","25303.094621","Fc","Donnée calculée",""
"MK","Indicateurs macro","194","Arabie saoudite","6119","Valeur (US $)","22014","Produit intérieur brut par habitant","2013","2013","","24934.386142","Fc","Donnée calculée",""
"MK","Indicateurs macro","9","Argentine","6119","Valeur (US $)","22014","Produit intérieur brut par habitant","2012","2012","","13811.780157","Fc","Donnée calculée",""
"MK","Indicateurs macro","9","Argentine","6119","Valeur (US $)","22014","Produit intérieur brut par habitant","2013","2013","","14417.421454","Fc","Donnée calculée",""
"MK","Indicateurs macro","1","Arménie","6119","Valeur (US $)","22014","Produit intérieur brut par habitant","2012","2012","","3684.805034","Fc","Donnée calculée",""
"MK","Indicateurs macro","1","Arménie","6119","Valeur (US $)","22014","Produit intérieur brut par habitant","2013","2013","","3843.590751","Fc","Donnée calculée",""
"MK","Indicateurs macro","22","Aruba","6119","Valeur (US $)","22014","Produit intérieur brut par habitant","2012","2012","","24709.602265","Fc","Donnée calculée",""
"MK","Indicateurs macro","22","Aruba","6119","Valeur (US $)","22014","Produit intérieur brut par habitant","2013","2013","","25018.308952","Fc","Donnée calculée",""
"MK","Indicateurs macro","10","Australie","6119","Valeur (US $)","22014","Produit intérieur brut par habitant","2012","2012","","69302.830393","Fc","Donnée calculée",""
"MK","Indicateurs macro","10","Australie","6119","Valeur (US $)","22014","Produit intérieur brut par habitant","2013","2013","","66301.306788","Fc","Donnée calculée",""
"MK","Indicateurs macro","11","Autriche","6119","Valeur (US $)","22014","Produit intérieur brut par habitant","2012","2012","","48068.438729","Fc","Donnée calculée",""
"MK","Indicateurs macro","11","Autriche","6119","Valeur (US $)","22014","Produit intérieur brut par habitant","2013","2013","","50137.519579","Fc","Donnée calculée",""
"MK","Indicateurs macro","52","Azerbaïdjan","6119","Valeur (US $)","22014","Produit intérieur brut par habitant","2012","2012","","7520.835158","Fc","Donnée calculée",""
"MK","Indicateurs macro","52","Azerbaïdjan","6119","Valeur (US $)","22014","Produit intérieur brut par habitant","2013","2013","","7901.783462","Fc","Donnée calculée",""
"MK","Indicateurs macro","12","Bahamas","6119","Valeur (US $)","22014","Produit intérieur brut par habitant","2012","2012","","28815.527404","Fc","Donnée calculée",""
"MK","Indicateurs macro","12","Bahamas","6119","Valeur (US $)","22014","Produit intérieur brut par habitant","2013","2013","","28303.467289","Fc","Donnée calculée",""
"MK","Indicateurs macro","13","Bahreïn","6119","Valeur (US $)","22014","Produit intérieur brut par habitant","2012","2012","","23649.385091","Fc","Donnée calculée",""
"MK","Indicateurs macro","13","Bahreïn","6119","Valeur (US $)","22014","Produit intérieur brut par habitant","2013","2013","","24737.1791","Fc","Donnée calculée",""
"MK","Indicateurs macro","16","Bangladesh","6119","Valeur (US $)","22014","Produit intérieur brut par habitant","2012","2012","","827.725854","Fc","Donnée calculée",""
"MK","Indicateurs macro","16","Bangladesh","6119","Valeur (US $)","22014","Produit intérieur brut par habitant","2013","2013","","974.193541","Fc","Donnée calculée",""
"MK","Indicateurs macro","14","Barbade","6119","Valeur (US $)","22014","Produit intérieur brut par habitant","2012","2012","","16091.411119","Fc","Donnée calculée",""
"MK","Indicateurs macro","14","Barbade","6119","Valeur (US $)","22014","Produit intérieur brut par habitant","2013","2013","","15755.427261","Fc","Donnée calculée",""
"MK","Indicateurs macro","57","Bélarus","6119","Valeur (US $)","22014","Produit intérieur brut par habitant","2012","2012","","6934.943113","Fc","Donnée calculée",""
"MK","Indicateurs macro","57","Bélarus","6119","Valeur (US $)","22014","Produit intérieur brut par habitant","2013","2013","","7967.962369","Fc","Donnée calculée",""
"MK","Indicateurs macro","255","Belgique","6119","Valeur (US $)","22014","Produit intérieur brut par habitant","2012","2012","","44920.994454","Fc","Donnée calculée",""
"MK","Indicateurs macro","255","Belgique","6119","Valeur (US $)","22014","Produit intérieur brut par habitant","2013","2013","","46713.462219","Fc","Donnée calculée",""
"MK","Indicateurs macro","23","Belize","6119","Valeur (US $)","22014","Produit intérieur brut par habitant","2012","2012","","4673.639223","Fc","Donnée calculée",""
"MK","Indicateurs macro","23","Belize","6119","Valeur (US $)","22014","Produit intérieur brut par habitant","2013","2013","","4688.538879","Fc","Donnée calculée",""
"MK","Indicateurs macro","53","Bénin","6119","Valeur (US $)","22014","Produit intérieur brut par habitant","2012","2012","","834.303975","Fc","Donnée calculée",""
"MK","Indicateurs macro","53","Bénin","6119","Valeur (US $)","22014","Produit intérieur brut par habitant","2013","2013","","910.669201","Fc","Donnée calculée",""
"MK","Indicateurs macro","17","Bermudes","6119","Valeur (US $)","22014","Produit intérieur brut par habitant","2012","2012","","88406.115956","Fc","Donnée calculée",""
"MK","Indicateurs macro","17","Bermudes","6119","Valeur (US $)","22014","Produit intérieur brut par habitant","2013","2013","","90329.786048","Fc","Donnée calculée",""
"MK","Indicateurs macro","18","Bhoutan","6119","Valeur (US $)","22014","Produit intérieur brut par habitant","2012","2012","","2422.005388","Fc","Donnée calculée",""
"MK","Indicateurs macro","18","Bhoutan","6119","Valeur (US $)","22014","Produit intérieur brut par habitant","2013","2013","","2350.879846","Fc","Donnée calculée",""
"MK","Indicateurs macro","19","Bolivie (État plurinational de)","6119","Valeur (US $)","22014","Produit intérieur brut par habitant","2012","2012","","2645.227747","Fc","Donnée calculée",""
"MK","Indicateurs macro","19","Bolivie (État plurinational de)","6119","Valeur (US $)","22014","Produit intérieur brut par habitant","2013","2013","","2947.938522","Fc","Donnée calculée",""
"MK","Indicateurs macro","80","Bosnie-Herzégovine","6119","Valeur (US $)","22014","Produit intérieur brut par habitant","2012","2012","","4721.98242","Fc","Donnée calculée",""
"MK","Indicateurs macro","80","Bosnie-Herzégovine","6119","Valeur (US $)","22014","Produit intérieur brut par habitant","2013","2013","","5042.748881","Fc","Donnée calculée",""
"MK","Indicateurs macro","20","Botswana","6119","Valeur (US $)","22014","Produit intérieur brut par habitant","2012","2012","","6901.934304","Fc","Donnée calculée",""
"MK","Indicateurs macro","20","Botswana","6119","Valeur (US $)","22014","Produit intérieur brut par habitant","2013","2013","","7001.027578","Fc","Donnée calculée",""
"MK","Indicateurs macro","21","Brésil","6119","Valeur (US $)","22014","Produit intérieur brut par habitant","2012","2012","","12291.664396","Fc","Donnée calculée",""
"MK","Indicateurs macro","21","Brésil","6119","Valeur (US $)","22014","Produit intérieur brut par habitant","2013","2013","","12216.965936","Fc","Donnée calculée",""
"MK","Indicateurs macro","26","Brunéi Darussalam","6119","Valeur (US $)","22014","Produit intérieur brut par habitant","2012","2012","","47651.127931","Fc","Donnée calculée",""
"MK","Indicateurs macro","26","Brunéi Darussalam","6119","Valeur (US $)","22014","Produit intérieur brut par habitant","2013","2013","","44598.075686","Fc","Donnée calculée",""
"MK","Indicateurs macro","27","Bulgarie","6119","Valeur (US $)","22014","Produit intérieur brut par habitant","2012","2012","","7373.245916","Fc","Donnée calculée",""
"MK","Indicateurs macro","27","Bulgarie","6119","Valeur (US $)","22014","Produit intérieur brut par habitant","2013","2013","","7673.951742","Fc","Donnée calculée",""
"MK","Indicateurs macro","233","Burkina Faso","6119","Valeur (US $)","22014","Produit intérieur brut par habitant","2012","2012","","673.822771","Fc","Donnée calculée",""
"MK","Indicateurs macro","233","Burkina Faso","6119","Valeur (US $)","22014","Produit intérieur brut par habitant","2013","2013","","699.781484","Fc","Donnée calculée",""
"MK","Indicateurs macro","29","Burundi","6119","Valeur (US $)","22014","Produit intérieur brut par habitant","2012","2012","","249.72898","Fc","Donnée calculée",""
"MK","Indicateurs macro","29","Burundi","6119","Valeur (US $)","22014","Produit intérieur brut par habitant","2013","2013","","255.372686","Fc","Donnée calculée",""
"MK","Indicateurs macro","35","Cabo Verde","6119","Valeur (US $)","22014","Produit intérieur brut par habitant","2012","2012","","3408.481356","Fc","Donnée calculée",""
"MK","Indicateurs macro","35","Cabo Verde","6119","Valeur (US $)","22014","Produit intérieur brut par habitant","2013","2013","","3558.7979","Fc","Donnée calculée",""
"MK","Indicateurs macro","115","Cambodge","6119","Valeur (US $)","22014","Produit intérieur brut par habitant","2012","2012","","950.024406","Fc","Donnée calculée",""
"MK","Indicateurs macro","115","Cambodge","6119","Valeur (US $)","22014","Produit intérieur brut par habitant","2013","2013","","1028.41917","Fc","Donnée calculée",""
"MK","Indicateurs macro","32","Cameroun","6119","Valeur (US $)","22014","Produit intérieur brut par habitant","2012","2012","","1380.509751","Fc","Donnée calculée",""
"MK","Indicateurs macro","32","Cameroun","6119","Valeur (US $)","22014","Produit intérieur brut par habitant","2013","2013","","1493.746454","Fc","Donnée calculée",""
"MK","Indicateurs macro","33","Canada","6119","Valeur (US $)","22014","Produit intérieur brut par habitant","2012","2012","","52270.828266","Fc","Donnée calculée",""
"MK","Indicateurs macro","33","Canada","6119","Valeur (US $)","22014","Produit intérieur brut par habitant","2013","2013","","52264.959967","Fc","Donnée calculée",""
"MK","Indicateurs macro","40","Chili","6119","Valeur (US $)","22014","Produit intérieur brut par habitant","2012","2012","","15431.902825","Fc","Donnée calculée",""
"MK","Indicateurs macro","40","Chili","6119","Valeur (US $)","22014","Produit intérieur brut par habitant","2013","2013","","15941.397939","Fc","Donnée calculée",""
"MK","Indicateurs macro","96","Chine - RAS de Hong-Kong","6119","Valeur (US $)","22014","Produit intérieur brut par habitant","2012","2012","","36956.674846","Fc","Donnée calculée",""
"MK","Indicateurs macro","96","Chine - RAS de Hong-Kong","6119","Valeur (US $)","22014","Produit intérieur brut par habitant","2013","2013","","38566.712121","Fc","Donnée calculée",""
"MK","Indicateurs macro","128","Chine - RAS de Macao","6119","Valeur (US $)","22014","Produit intérieur brut par habitant","2012","2012","","76496.715642","Fc","Donnée calculée",""
"MK","Indicateurs macro","128","Chine - RAS de Macao","6119","Valeur (US $)","22014","Produit intérieur brut par habitant","2013","2013","","89525.34488","Fc","Donnée calculée",""
"MK","Indicateurs macro","41","Chine, continentale","6119","Valeur (US $)","22014","Produit intérieur brut par habitant","2012","2012","","6232.080252","Fc","Donnée calculée",""
"MK","Indicateurs macro","41","Chine, continentale","6119","Valeur (US $)","22014","Produit intérieur brut par habitant","2013","2013","","6967.799286","Fc","Donnée calculée",""
"MK","Indicateurs macro","50","Chypre","6119","Valeur (US $)","22014","Produit intérieur brut par habitant","2012","2012","","28985.153099","Fc","Donnée calculée",""
"MK","Indicateurs macro","50","Chypre","6119","Valeur (US $)","22014","Produit intérieur brut par habitant","2013","2013","","27944.122813","Fc","Donnée calculée",""
"MK","Indicateurs macro","44","Colombie","6119","Valeur (US $)","22014","Produit intérieur brut par habitant","2012","2012","","7884.984375","Fc","Donnée calculée",""
"MK","Indicateurs macro","44","Colombie","6119","Valeur (US $)","22014","Produit intérieur brut par habitant","2013","2013","","8030.585914","Fc","Donnée calculée",""
"MK","Indicateurs macro","45","Comores","6119","Valeur (US $)","22014","Produit intérieur brut par habitant","2012","2012","","1589.146088","Fc","Donnée calculée",""
"MK","Indicateurs macro","45","Comores","6119","Valeur (US $)","22014","Produit intérieur brut par habitant","2013","2013","","1699.126967","Fc","Donnée calculée",""
"MK","Indicateurs macro","46","Congo","6119","Valeur (US $)","22014","Produit intérieur brut par habitant","2012","2012","","2947.387504","Fc","Donnée calculée",""
"MK","Indicateurs macro","46","Congo","6119","Valeur (US $)","22014","Produit intérieur brut par habitant","2013","2013","","2951.053853","Fc","Donnée calculée",""
"MK","Indicateurs macro","48","Costa Rica","6119","Valeur (US $)","22014","Produit intérieur brut par habitant","2012","2012","","9985.370345","Fc","Donnée calculée",""
"MK","Indicateurs macro","48","Costa Rica","6119","Valeur (US $)","22014","Produit intérieur brut par habitant","2013","2013","","10569.665626","Fc","Donnée calculée",""
"MK","Indicateurs macro","107","Côte d'Ivoire","6119","Valeur (US $)","22014","Produit intérieur brut par habitant","2012","2012","","1250.655106","Fc","Donnée calculée",""
"MK","Indicateurs macro","107","Côte d'Ivoire","6119","Valeur (US $)","22014","Produit intérieur brut par habitant","2013","2013","","1423.602446","Fc","Donnée calculée",""
"MK","Indicateurs macro","98","Croatie","6119","Valeur (US $)","22014","Produit intérieur brut par habitant","2012","2012","","13165.422001","Fc","Donnée calculée",""
"MK","Indicateurs macro","98","Croatie","6119","Valeur (US $)","22014","Produit intérieur brut par habitant","2013","2013","","13578.48546","Fc","Donnée calculée",""
"MK","Indicateurs macro","49","Cuba","6119","Valeur (US $)","22014","Produit intérieur brut par habitant","2012","2012","","6425.941119","Fc","Donnée calculée",""
"MK","Indicateurs macro","49","Cuba","6119","Valeur (US $)","22014","Produit intérieur brut par habitant","2013","2013","","6760.15344","Fc","Donnée calculée",""
"MK","Indicateurs macro","279","Curaçao","6119","Valeur (US $)","22014","Produit intérieur brut par habitant","2012","2012","","20466.687003","Fc","Donnée calculée",""
"MK","Indicateurs macro","279","Curaçao","6119","Valeur (US $)","22014","Produit intérieur brut par habitant","2013","2013","","20320.966998","Fc","Donnée calculée",""
"MK","Indicateurs macro","54","Danemark","6119","Valeur (US $)","22014","Produit intérieur brut par habitant","2012","2012","","58308.452118","Fc","Donnée calculée",""
"MK","Indicateurs macro","54","Danemark","6119","Valeur (US $)","22014","Produit intérieur brut par habitant","2013","2013","","60942.805627","Fc","Donnée calculée",""
"MK","Indicateurs macro","72","Djibouti","6119","Valeur (US $)","22014","Produit intérieur brut par habitant","2012","2012","","1424.321618","Fc","Donnée calculée",""
"MK","Indicateurs macro","72","Djibouti","6119","Valeur (US $)","22014","Produit intérieur brut par habitant","2013","2013","","1553.159843","Fc","Donnée calculée",""
"MK","Indicateurs macro","55","Dominique","6119","Valeur (US $)","22014","Produit intérieur brut par habitant","2012","2012","","6745.849594","Fc","Donnée calculée",""
"MK","Indicateurs macro","55","Dominique","6119","Valeur (US $)","22014","Produit intérieur brut par habitant","2013","2013","","6933.415429","Fc","Donnée calculée",""
"MK","Indicateurs macro","59","Égypte","6119","Valeur (US $)","22014","Produit intérieur brut par habitant","2012","2012","","3115.010579","Fc","Donnée calculée",""
"MK","Indicateurs macro","59","Égypte","6119","Valeur (US $)","22014","Produit intérieur brut par habitant","2013","2013","","2988.251729","Fc","Donnée calculée",""
"MK","Indicateurs macro","60","El Salvador","6119","Valeur (US $)","22014","Produit intérieur brut par habitant","2012","2012","","3827.786473","Fc","Donnée calculée",""
"MK","Indicateurs macro","60","El Salvador","6119","Valeur (US $)","22014","Produit intérieur brut par habitant","2013","2013","","3895.664061","Fc","Donnée calculée",""
"MK","Indicateurs macro","225","Émirats arabes unis","6119","Valeur (US $)","22014","Produit intérieur brut par habitant","2012","2012","","42086.695776","Fc","Donnée calculée",""
"MK","Indicateurs macro","225","Émirats arabes unis","6119","Valeur (US $)","22014","Produit intérieur brut par habitant","2013","2013","","43315.138419","Fc","Donnée calculée",""
"MK","Indicateurs macro","58","Équateur","6119","Valeur (US $)","22014","Produit intérieur brut par habitant","2012","2012","","5702.104313","Fc","Donnée calculée",""
"MK","Indicateurs macro","58","Équateur","6119","Valeur (US $)","22014","Produit intérieur brut par habitant","2013","2013","","6074.090829","Fc","Donnée calculée",""
"MK","Indicateurs macro","178","Érythrée","6119","Valeur (US $)","22014","Produit intérieur brut par habitant","2012","2012","","677.922942","Fc","Donnée calculée",""
"MK","Indicateurs macro","178","Érythrée","6119","Valeur (US $)","22014","Produit intérieur brut par habitant","2013","2013","","753.03542","Fc","Donnée calculée",""
"MK","Indicateurs macro","203","Espagne","6119","Valeur (US $)","22014","Produit intérieur brut par habitant","2012","2012","","28512.440634","Fc","Donnée calculée",""
"MK","Indicateurs macro","203","Espagne","6119","Valeur (US $)","22014","Produit intérieur brut par habitant","2013","2013","","29163.288417","Fc","Donnée calculée",""
"MK","Indicateurs macro","63","Estonie","6119","Valeur (US $)","22014","Produit intérieur brut par habitant","2012","2012","","17392.462198","Fc","Donnée calculée",""
"MK","Indicateurs macro","63","Estonie","6119","Valeur (US $)","22014","Produit intérieur brut par habitant","2013","2013","","19020.841095","Fc","Donnée calculée",""
"MK","Indicateurs macro","231","États-Unis d'Amérique","6119","Valeur (US $)","22014","Produit intérieur brut par habitant","2012","2012","","51558.979975","Fc","Donnée calculée",""
"MK","Indicateurs macro","231","États-Unis d'Amérique","6119","Valeur (US $)","22014","Produit intérieur brut par habitant","2013","2013","","52898.817379","Fc","Donnée calculée",""
"MK","Indicateurs macro","238","Éthiopie","6119","Valeur (US $)","22014","Produit intérieur brut par habitant","2012","2012","","456.605361","Fc","Donnée calculée",""
"MK","Indicateurs macro","238","Éthiopie","6119","Valeur (US $)","22014","Produit intérieur brut par habitant","2013","2013","","490.495538","Fc","Donnée calculée",""
"MK","Indicateurs macro","185","Fédération de Russie","6119","Valeur (US $)","22014","Produit intérieur brut par habitant","2012","2012","","15131.324708","Fc","Donnée calculée",""
"MK","Indicateurs macro","185","Fédération de Russie","6119","Valeur (US $)","22014","Produit intérieur brut par habitant","2013","2013","","15533.899955","Fc","Donnée calculée",""
"MK","Indicateurs macro","66","Fidji","6119","Valeur (US $)","22014","Produit intérieur brut par habitant","2012","2012","","4546.753916","Fc","Donnée calculée",""
"MK","Indicateurs macro","66","Fidji","6119","Valeur (US $)","22014","Produit intérieur brut par habitant","2013","2013","","4763.100059","Fc","Donnée calculée",""
"MK","Indicateurs macro","67","Finlande","6119","Valeur (US $)","22014","Produit intérieur brut par habitant","2012","2012","","47424.240638","Fc","Donnée calculée",""
"MK","Indicateurs macro","67","Finlande","6119","Valeur (US $)","22014","Produit intérieur brut par habitant","2013","2013","","49659.588178","Fc","Donnée calculée",""
"MK","Indicateurs macro","68","France","6119","Valeur (US $)","22014","Produit intérieur brut par habitant","2012","2012","","40754.020362","Fc","Donnée calculée",""
"MK","Indicateurs macro","68","France","6119","Valeur (US $)","22014","Produit intérieur brut par habitant","2013","2013","","42493.606628","Fc","Donnée calculée",""
"MK","Indicateurs macro","74","Gabon","6119","Valeur (US $)","22014","Produit intérieur brut par habitant","2012","2012","","9089.409137","Fc","Donnée calculée",""
"MK","Indicateurs macro","74","Gabon","6119","Valeur (US $)","22014","Produit intérieur brut par habitant","2013","2013","","9369.521711","Fc","Donnée calculée",""
"MK","Indicateurs macro","75","Gambie","6119","Valeur (US $)","22014","Produit intérieur brut par habitant","2012","2012","","506.384997","Fc","Donnée calculée",""
"MK","Indicateurs macro","75","Gambie","6119","Valeur (US $)","22014","Produit intérieur brut par habitant","2013","2013","","486.086492","Fc","Donnée calculée",""
"MK","Indicateurs macro","73","Géorgie","6119","Valeur (US $)","22014","Produit intérieur brut par habitant","2012","2012","","3857.830696","Fc","Donnée calculée",""
"MK","Indicateurs macro","73","Géorgie","6119","Valeur (US $)","22014","Produit intérieur brut par habitant","2013","2013","","3989.345341","Fc","Donnée calculée",""
"MK","Indicateurs macro","81","Ghana","6119","Valeur (US $)","22014","Produit intérieur brut par habitant","2012","2012","","1629.777191","Fc","Donnée calculée",""
"MK","Indicateurs macro","81","Ghana","6119","Valeur (US $)","22014","Produit intérieur brut par habitant","2013","2013","","1814.538726","Fc","Donnée calculée",""
"MK","Indicateurs macro","84","Grèce","6119","Valeur (US $)","22014","Produit intérieur brut par habitant","2012","2012","","21591.239034","Fc","Donnée calculée",""
"MK","Indicateurs macro","84","Grèce","6119","Valeur (US $)","22014","Produit intérieur brut par habitant","2013","2013","","21186.790509","Fc","Donnée calculée",""
"MK","Indicateurs macro","86","Grenade","6119","Valeur (US $)","22014","Produit intérieur brut par habitant","2012","2012","","7583.180682","Fc","Donnée calculée",""
"MK","Indicateurs macro","86","Grenade","6119","Valeur (US $)","22014","Produit intérieur brut par habitant","2013","2013","","7955.606892","Fc","Donnée calculée",""
"MK","Indicateurs macro","85","Groenland","6119","Valeur (US $)","22014","Produit intérieur brut par habitant","2012","2012","","42654.091576","Fc","Donnée calculée",""
"MK","Indicateurs macro","85","Groenland","6119","Valeur (US $)","22014","Produit intérieur brut par habitant","2013","2013","","44020.834809","Fc","Donnée calculée",""
"MK","Indicateurs macro","89","Guatemala","6119","Valeur (US $)","22014","Produit intérieur brut par habitant","2012","2012","","3299.603276","Fc","Donnée calculée",""
"MK","Indicateurs macro","89","Guatemala","6119","Valeur (US $)","22014","Produit intérieur brut par habitant","2013","2013","","3452.82893","Fc","Donnée calculée",""
"MK","Indicateurs macro","90","Guinée","6119","Valeur (US $)","22014","Produit intérieur brut par habitant","2012","2012","","677.042507","Fc","Donnée calculée",""
"MK","Indicateurs macro","90","Guinée","6119","Valeur (US $)","22014","Produit intérieur brut par habitant","2013","2013","","726.094078","Fc","Donnée calculée",""
"MK","Indicateurs macro","61","Guinée équatoriale","6119","Valeur (US $)","22014","Produit intérieur brut par habitant","2012","2012","","21557.650355","Fc","Donnée calculée",""
"MK","Indicateurs macro","61","Guinée équatoriale","6119","Valeur (US $)","22014","Produit intérieur brut par habitant","2013","2013","","20246.991548","Fc","Donnée calculée",""
"MK","Indicateurs macro","175","Guinée-Bissau","6119","Valeur (US $)","22014","Produit intérieur brut par habitant","2012","2012","","603.933153","Fc","Donnée calculée",""
"MK","Indicateurs macro","175","Guinée-Bissau","6119","Valeur (US $)","22014","Produit intérieur brut par habitant","2013","2013","","621.940437","Fc","Donnée calculée",""
"MK","Indicateurs macro","91","Guyana","6119","Valeur (US $)","22014","Produit intérieur brut par habitant","2012","2012","","3785.933148","Fc","Donnée calculée",""
"MK","Indicateurs macro","91","Guyana","6119","Valeur (US $)","22014","Produit intérieur brut par habitant","2013","2013","","3944.178028","Fc","Donnée calculée",""
"MK","Indicateurs macro","93","Haïti","6119","Valeur (US $)","22014","Produit intérieur brut par habitant","2012","2012","","760.052298","Fc","Donnée calculée",""
"MK","Indicateurs macro","93","Haïti","6119","Valeur (US $)","22014","Produit intérieur brut par habitant","2013","2013","","803.973991","Fc","Donnée calculée",""
"MK","Indicateurs macro","95","Honduras","6119","Valeur (US $)","22014","Produit intérieur brut par habitant","2012","2012","","2178.383025","Fc","Donnée calculée",""
"MK","Indicateurs macro","95","Honduras","6119","Valeur (US $)","22014","Produit intérieur brut par habitant","2013","2013","","2136.773905","Fc","Donnée calculée",""
"MK","Indicateurs macro","97","Hongrie","6119","Valeur (US $)","22014","Produit intérieur brut par habitant","2012","2012","","12954.482343","Fc","Donnée calculée",""
"MK","Indicateurs macro","97","Hongrie","6119","Valeur (US $)","22014","Produit intérieur brut par habitant","2013","2013","","13739.063946","Fc","Donnée calculée",""
"MK","Indicateurs macro","36","Îles Caïmanes","6119","Valeur (US $)","22014","Produit intérieur brut par habitant","2012","2012","","59282.337131","Fc","Donnée calculée",""
"MK","Indicateurs macro","36","Îles Caïmanes","6119","Valeur (US $)","22014","Produit intérieur brut par habitant","2013","2013","","59592.603515","Fc","Donnée calculée",""
"MK","Indicateurs macro","47","Îles Cook","6119","Valeur (US $)","22014","Produit intérieur brut par habitant","2012","2012","","16788.095111","Fc","Donnée calculée",""
"MK","Indicateurs macro","47","Îles Cook","6119","Valeur (US $)","22014","Produit intérieur brut par habitant","2013","2013","","16971.901278","Fc","Donnée calculée",""
"MK","Indicateurs macro","127","Îles Marshall","6119","Valeur (US $)","22014","Produit intérieur brut par habitant","2012","2012","","3513.962213","Fc","Donnée calculée",""
"MK","Indicateurs macro","127","Îles Marshall","6119","Valeur (US $)","22014","Produit intérieur brut par habitant","2013","2013","","3617.751501","Fc","Donnée calculée",""
"MK","Indicateurs macro","25","Îles Salomon","6119","Valeur (US $)","22014","Produit intérieur brut par habitant","2012","2012","","1769.403046","Fc","Donnée calculée",""
"MK","Indicateurs macro","25","Îles Salomon","6119","Valeur (US $)","22014","Produit intérieur brut par habitant","2013","2013","","1875.738239","Fc","Donnée calculée",""
"MK","Indicateurs macro","224","Îles Turques et Caïques","6119","Valeur (US $)","22014","Produit intérieur brut par habitant","2012","2012","","22069.093398","Fc","Donnée calculée",""
"MK","Indicateurs macro","224","Îles Turques et Caïques","6119","Valeur (US $)","22014","Produit intérieur brut par habitant","2013","2013","","22241.643863","Fc","Donnée calculée",""
"MK","Indicateurs macro","239","Îles Vierges britanniques","6119","Valeur (US $)","22014","Produit intérieur brut par habitant","2012","2012","","30548.142692","Fc","Donnée calculée",""
"MK","Indicateurs macro","239","Îles Vierges britanniques","6119","Valeur (US $)","22014","Produit intérieur brut par habitant","2013","2013","","30885.187225","Fc","Donnée calculée",""
"MK","Indicateurs macro","100","Inde","6119","Valeur (US $)","22014","Produit intérieur brut par habitant","2012","2012","","1473.301818","Fc","Donnée calculée",""
"MK","Indicateurs macro","100","Inde","6119","Valeur (US $)","22014","Produit intérieur brut par habitant","2013","2013","","1499.382472","Fc","Donnée calculée",""
"MK","Indicateurs macro","101","Indonésie","6119","Valeur (US $)","22014","Produit intérieur brut par habitant","2012","2012","","3687.95401","Fc","Donnée calculée",""
"MK","Indicateurs macro","101","Indonésie","6119","Valeur (US $)","22014","Produit intérieur brut par habitant","2013","2013","","3620.663981","Fc","Donnée calculée",""
"MK","Indicateurs macro","102","Iran (République islamique d')","6119","Valeur (US $)","22014","Produit intérieur brut par habitant","2012","2012","","7887.233696","Fc","Donnée calculée",""
"MK","Indicateurs macro","102","Iran (République islamique d')","6119","Valeur (US $)","22014","Produit intérieur brut par habitant","2013","2013","","6966.659601","Fc","Donnée calculée",""
"MK","Indicateurs macro","103","Iraq","6119","Valeur (US $)","22014","Produit intérieur brut par habitant","2012","2012","","5672.299781","Fc","Donnée calculée",""
"MK","Indicateurs macro","103","Iraq","6119","Valeur (US $)","22014","Produit intérieur brut par habitant","2013","2013","","6112.878866","Fc","Donnée calculée",""
"MK","Indicateurs macro","104","Irlande","6119","Valeur (US $)","22014","Produit intérieur brut par habitant","2012","2012","","48218.515604","Fc","Donnée calculée",""
"MK","Indicateurs macro","104","Irlande","6119","Valeur (US $)","22014","Produit intérieur brut par habitant","2013","2013","","51130.077752","Fc","Donnée calculée",""
"MK","Indicateurs macro","99","Islande","6119","Valeur (US $)","22014","Produit intérieur brut par habitant","2012","2012","","43904.346995","Fc","Donnée calculée",""
"MK","Indicateurs macro","99","Islande","6119","Valeur (US $)","22014","Produit intérieur brut par habitant","2013","2013","","47544.160857","Fc","Donnée calculée",""
"MK","Indicateurs macro","105","Israël","6119","Valeur (US $)","22014","Produit intérieur brut par habitant","2012","2012","","33418.842969","Fc","Donnée calculée",""
"MK","Indicateurs macro","105","Israël","6119","Valeur (US $)","22014","Produit intérieur brut par habitant","2013","2013","","37397.81074","Fc","Donnée calculée",""
"MK","Indicateurs macro","106","Italie","6119","Valeur (US $)","22014","Produit intérieur brut par habitant","2012","2012","","34700.988922","Fc","Donnée calculée",""
"MK","Indicateurs macro","106","Italie","6119","Valeur (US $)","22014","Produit intérieur brut par habitant","2013","2013","","35705.759697","Fc","Donnée calculée",""
"MK","Indicateurs macro","109","Jamaïque","6119","Valeur (US $)","22014","Produit intérieur brut par habitant","2012","2012","","5209.503272","Fc","Donnée calculée",""
"MK","Indicateurs macro","109","Jamaïque","6119","Valeur (US $)","22014","Produit intérieur brut par habitant","2013","2013","","5005.595035","Fc","Donnée calculée",""
"MK","Indicateurs macro","110","Japon","6119","Valeur (US $)","22014","Produit intérieur brut par habitant","2012","2012","","48301.703498","Fc","Donnée calculée",""
"MK","Indicateurs macro","110","Japon","6119","Valeur (US $)","22014","Produit intérieur brut par habitant","2013","2013","","40180.809978","Fc","Donnée calculée",""
"MK","Indicateurs macro","112","Jordanie","6119","Valeur (US $)","22014","Produit intérieur brut par habitant","2012","2012","","3870.753205","Fc","Donnée calculée",""
"MK","Indicateurs macro","112","Jordanie","6119","Valeur (US $)","22014","Produit intérieur brut par habitant","2013","2013","","3992.867103","Fc","Donnée calculée",""
"MK","Indicateurs macro","108","Kazakhstan","6119","Valeur (US $)","22014","Produit intérieur brut par habitant","2012","2012","","12292.203095","Fc","Donnée calculée",""
"MK","Indicateurs macro","108","Kazakhstan","6119","Valeur (US $)","22014","Produit intérieur brut par habitant","2013","2013","","13752.023575","Fc","Donnée calculée",""
"MK","Indicateurs macro","114","Kenya","6119","Valeur (US $)","22014","Produit intérieur brut par habitant","2012","2012","","1154.961092","Fc","Donnée calculée",""
"MK","Indicateurs macro","114","Kenya","6119","Valeur (US $)","22014","Produit intérieur brut par habitant","2013","2013","","1229.191812","Fc","Donnée calculée",""
"MK","Indicateurs macro","113","Kirghizistan","6119","Valeur (US $)","22014","Produit intérieur brut par habitant","2012","2012","","1180.730955","Fc","Donnée calculée",""
"MK","Indicateurs macro","113","Kirghizistan","6119","Valeur (US $)","22014","Produit intérieur brut par habitant","2013","2013","","1290.514","Fc","Donnée calculée",""
"MK","Indicateurs macro","83","Kiribati","6119","Valeur (US $)","22014","Produit intérieur brut par habitant","2012","2012","","1746.129639","Fc","Donnée calculée",""
"MK","Indicateurs macro","83","Kiribati","6119","Valeur (US $)","22014","Produit intérieur brut par habitant","2013","2013","","1684.911769","Fc","Donnée calculée",""
"MK","Indicateurs macro","275","Kosovo","6119","Valeur (US $)","22014","Produit intérieur brut par habitant","2012","2012","","3702.569811","Fc","Donnée calculée",""
"MK","Indicateurs macro","275","Kosovo","6119","Valeur (US $)","22014","Produit intérieur brut par habitant","2013","2013","","4032.910247","Fc","Donnée calculée",""
"MK","Indicateurs macro","118","Koweït","6119","Valeur (US $)","22014","Produit intérieur brut par habitant","2012","2012","","51257.349197","Fc","Donnée calculée",""
"MK","Indicateurs macro","118","Koweït","6119","Valeur (US $)","22014","Produit intérieur brut par habitant","2013","2013","","48401.609794","Fc","Donnée calculée",""
"MK","Indicateurs macro","122","Lesotho","6119","Valeur (US $)","22014","Produit intérieur brut par habitant","2012","2012","","1281.505024","Fc","Donnée calculée",""
"MK","Indicateurs macro","122","Lesotho","6119","Valeur (US $)","22014","Produit intérieur brut par habitant","2013","2013","","1196.021459","Fc","Donnée calculée",""
"MK","Indicateurs macro","119","Lettonie","6119","Valeur (US $)","22014","Produit intérieur brut par habitant","2012","2012","","13611.185127","Fc","Donnée calculée",""
"MK","Indicateurs macro","119","Lettonie","6119","Valeur (US $)","22014","Produit intérieur brut par habitant","2013","2013","","14852.354556","Fc","Donnée calculée",""
"MK","Indicateurs macro","154","Macédoine du Nord","6119","Valeur (US $)","22014","Produit intérieur brut par habitant","2012","2012","","4698.697277","Fc","Donnée calculée",""
"MK","Indicateurs macro","154","Macédoine du Nord","6119","Valeur (US $)","22014","Produit intérieur brut par habitant","2013","2013","","5211.499148","Fc","Donnée calculée",""
"MK","Indicateurs macro","121","Liban","6119","Valeur (US $)","22014","Produit intérieur brut par habitant","2012","2012","","8922.901857","Fc","Donnée calculée",""
"MK","Indicateurs macro","121","Liban","6119","Valeur (US $)","22014","Produit intérieur brut par habitant","2013","2013","","8721.248317","Fc","Donnée calculée",""
"MK","Indicateurs macro","123","Libéria","6119","Valeur (US $)","22014","Produit intérieur brut par habitant","2012","2012","","414.677478","Fc","Donnée calculée",""
"MK","Indicateurs macro","123","Libéria","6119","Valeur (US $)","22014","Produit intérieur brut par habitant","2013","2013","","451.672553","Fc","Donnée calculée",""
"MK","Indicateurs macro","124","Libye","6119","Valeur (US $)","22014","Produit intérieur brut par habitant","2012","2012","","16321.621457","Fc","Donnée calculée",""
"MK","Indicateurs macro","124","Libye","6119","Valeur (US $)","22014","Produit intérieur brut par habitant","2013","2013","","10623.933204","Fc","Donnée calculée",""
"MK","Indicateurs macro","125","Liechtenstein","6119","Valeur (US $)","22014","Produit intérieur brut par habitant","2012","2012","","165123.433093","Fc","Donnée calculée",""
"MK","Indicateurs macro","125","Liechtenstein","6119","Valeur (US $)","22014","Produit intérieur brut par habitant","2013","2013","","173527.486268","Fc","Donnée calculée",""
"MK","Indicateurs macro","126","Lituanie","6119","Valeur (US $)","22014","Produit intérieur brut par habitant","2012","2012","","14112.835642","Fc","Donnée calculée",""
"MK","Indicateurs macro","126","Lituanie","6119","Valeur (US $)","22014","Produit intérieur brut par habitant","2013","2013","","15483.230059","Fc","Donnée calculée",""
"MK","Indicateurs macro","256","Luxembourg","6119","Valeur (US $)","22014","Produit intérieur brut par habitant","2012","2012","","106460.078452","Fc","Donnée calculée",""
"MK","Indicateurs macro","256","Luxembourg","6119","Valeur (US $)","22014","Produit intérieur brut par habitant","2013","2013","","113341.237463","Fc","Donnée calculée",""
"MK","Indicateurs macro","129","Madagascar","6119","Valeur (US $)","22014","Produit intérieur brut par habitant","2012","2012","","543.586011","Fc","Donnée calculée",""
"MK","Indicateurs macro","129","Madagascar","6119","Valeur (US $)","22014","Produit intérieur brut par habitant","2013","2013","","567.600449","Fc","Donnée calculée",""
"MK","Indicateurs macro","131","Malaisie","6119","Valeur (US $)","22014","Produit intérieur brut par habitant","2012","2012","","10779.504483","Fc","Donnée calculée",""
"MK","Indicateurs macro","131","Malaisie","6119","Valeur (US $)","22014","Produit intérieur brut par habitant","2013","2013","","10882.259575","Fc","Donnée calculée",""
"MK","Indicateurs macro","130","Malawi","6119","Valeur (US $)","22014","Produit intérieur brut par habitant","2012","2012","","355.399824","Fc","Donnée calculée",""
"MK","Indicateurs macro","130","Malawi","6119","Valeur (US $)","22014","Produit intérieur brut par habitant","2013","2013","","314.708244","Fc","Donnée calculée",""
"MK","Indicateurs macro","132","Maldives","6119","Valeur (US $)","22014","Produit intérieur brut par habitant","2012","2012","","6520.625278","Fc","Donnée calculée",""
"MK","Indicateurs macro","132","Maldives","6119","Valeur (US $)","22014","Produit intérieur brut par habitant","2013","2013","","7033.632215","Fc","Donnée calculée",""
"MK","Indicateurs macro","133","Mali","6119","Valeur (US $)","22014","Produit intérieur brut par habitant","2012","2012","","777.347632","Fc","Donnée calculée",""
"MK","Indicateurs macro","133","Mali","6119","Valeur (US $)","22014","Produit intérieur brut par habitant","2013","2013","","803.855017","Fc","Donnée calculée",""
"MK","Indicateurs macro","134","Malte","6119","Valeur (US $)","22014","Produit intérieur brut par habitant","2012","2012","","21872.846321","Fc","Donnée calculée",""
"MK","Indicateurs macro","134","Malte","6119","Valeur (US $)","22014","Produit intérieur brut par habitant","2013","2013","","23972.962882","Fc","Donnée calculée",""
"MK","Indicateurs macro","143","Maroc","6119","Valeur (US $)","22014","Produit intérieur brut par habitant","2012","2012","","2947.934765","Fc","Donnée calculée",""
"MK","Indicateurs macro","143","Maroc","6119","Valeur (US $)","22014","Produit intérieur brut par habitant","2013","2013","","3158.206345","Fc","Donnée calculée",""
"MK","Indicateurs macro","137","Maurice","6119","Valeur (US $)","22014","Produit intérieur brut par habitant","2012","2012","","9309.850416","Fc","Donnée calculée",""
"MK","Indicateurs macro","137","Maurice","6119","Valeur (US $)","22014","Produit intérieur brut par habitant","2013","2013","","9662.833893","Fc","Donnée calculée",""
"MK","Indicateurs macro","136","Mauritanie","6119","Valeur (US $)","22014","Produit intérieur brut par habitant","2012","2012","","1366.046278","Fc","Donnée calculée",""
"MK","Indicateurs macro","136","Mauritanie","6119","Valeur (US $)","22014","Produit intérieur brut par habitant","2013","2013","","1429.364884","Fc","Donnée calculée",""
"MK","Indicateurs macro","138","Mexique","6119","Valeur (US $)","22014","Produit intérieur brut par habitant","2012","2012","","9940.500011","Fc","Donnée calculée",""
"MK","Indicateurs macro","138","Mexique","6119","Valeur (US $)","22014","Produit intérieur brut par habitant","2013","2013","","10400.569944","Fc","Donnée calculée",""
"MK","Indicateurs macro","145","Micronésie (États fédérés de)","6119","Valeur (US $)","22014","Produit intérieur brut par habitant","2012","2012","","3150.910901","Fc","Donnée calculée",""
"MK","Indicateurs macro","145","Micronésie (États fédérés de)","6119","Valeur (US $)","22014","Produit intérieur brut par habitant","2013","2013","","3047.584695","Fc","Donnée calculée",""
"MK","Indicateurs macro","140","Monaco","6119","Valeur (US $)","22014","Produit intérieur brut par habitant","2012","2012","","152001.611712","Fc","Donnée calculée",""
"MK","Indicateurs macro","140","Monaco","6119","Valeur (US $)","22014","Produit intérieur brut par habitant","2013","2013","","172598.231395","Fc","Donnée calculée",""
"MK","Indicateurs macro","141","Mongolie","6119","Valeur (US $)","22014","Produit intérieur brut par habitant","2012","2012","","4368.082268","Fc","Donnée calculée",""
"MK","Indicateurs macro","141","Mongolie","6119","Valeur (US $)","22014","Produit intérieur brut par habitant","2013","2013","","4385.379363","Fc","Donnée calculée",""
"MK","Indicateurs macro","273","Monténégro","6119","Valeur (US $)","22014","Produit intérieur brut par habitant","2012","2012","","6525.949293","Fc","Donnée calculée",""
"MK","Indicateurs macro","273","Monténégro","6119","Valeur (US $)","22014","Produit intérieur brut par habitant","2013","2013","","7119.349102","Fc","Donnée calculée",""
"MK","Indicateurs macro","142","Montserrat","6119","Valeur (US $)","22014","Produit intérieur brut par habitant","2012","2012","","12428.866951","Fc","Donnée calculée",""
"MK","Indicateurs macro","142","Montserrat","6119","Valeur (US $)","22014","Produit intérieur brut par habitant","2013","2013","","11737.408284","Fc","Donnée calculée",""
"MK","Indicateurs macro","144","Mozambique","6119","Valeur (US $)","22014","Produit intérieur brut par habitant","2012","2012","","594.521775","Fc","Donnée calculée",""
"MK","Indicateurs macro","144","Mozambique","6119","Valeur (US $)","22014","Produit intérieur brut par habitant","2013","2013","","605.985885","Fc","Donnée calculée",""
"MK","Indicateurs macro","28","Myanmar","6119","Valeur (US $)","22014","Produit intérieur brut par habitant","2012","2012","","1196.664441","Fc","Donnée calculée",""
"MK","Indicateurs macro","28","Myanmar","6119","Valeur (US $)","22014","Produit intérieur brut par habitant","2013","2013","","1207.807683","Fc","Donnée calculée",""
"MK","Indicateurs macro","147","Namibie","6119","Valeur (US $)","22014","Produit intérieur brut par habitant","2012","2012","","5749.373331","Fc","Donnée calculée",""
"MK","Indicateurs macro","147","Namibie","6119","Valeur (US $)","22014","Produit intérieur brut par habitant","2013","2013","","5490.066308","Fc","Donnée calculée",""
"MK","Indicateurs macro","148","Nauru","6119","Valeur (US $)","22014","Produit intérieur brut par habitant","2012","2012","","11510.09008","Fc","Donnée calculée",""
"MK","Indicateurs macro","148","Nauru","6119","Valeur (US $)","22014","Produit intérieur brut par habitant","2013","2013","","9406.70679","Fc","Donnée calculée",""
"MK","Indicateurs macro","149","Népal","6119","Valeur (US $)","22014","Produit intérieur brut par habitant","2012","2012","","648.364406","Fc","Donnée calculée",""
"MK","Indicateurs macro","149","Népal","6119","Valeur (US $)","22014","Produit intérieur brut par habitant","2013","2013","","651.313871","Fc","Donnée calculée",""
"MK","Indicateurs macro","157","Nicaragua","6119","Valeur (US $)","22014","Produit intérieur brut par habitant","2012","2012","","1792.04082","Fc","Donnée calculée",""
"MK","Indicateurs macro","157","Nicaragua","6119","Valeur (US $)","22014","Produit intérieur brut par habitant","2013","2013","","1847.200726","Fc","Donnée calculée",""
"MK","Indicateurs macro","158","Niger","6119","Valeur (US $)","22014","Produit intérieur brut par habitant","2012","2012","","391.51546","Fc","Donnée calculée",""
"MK","Indicateurs macro","158","Niger","6119","Valeur (US $)","22014","Produit intérieur brut par habitant","2013","2013","","416.139942","Fc","Donnée calculée",""
"MK","Indicateurs macro","159","Nigéria","6119","Valeur (US $)","22014","Produit intérieur brut par habitant","2012","2012","","2755.28509","Fc","Donnée calculée",""
"MK","Indicateurs macro","159","Nigéria","6119","Valeur (US $)","22014","Produit intérieur brut par habitant","2013","2013","","2996.963827","Fc","Donnée calculée",""
"MK","Indicateurs macro","162","Norvège","6119","Valeur (US $)","22014","Produit intérieur brut par habitant","2012","2012","","101801.361457","Fc","Donnée calculée",""
"MK","Indicateurs macro","162","Norvège","6119","Valeur (US $)","22014","Produit intérieur brut par habitant","2013","2013","","103110.441896","Fc","Donnée calculée",""
"MK","Indicateurs macro","153","Nouvelle-Calédonie","6119","Valeur (US $)","22014","Produit intérieur brut par habitant","2012","2012","","37099.310958","Fc","Donnée calculée",""
"MK","Indicateurs macro","153","Nouvelle-Calédonie","6119","Valeur (US $)","22014","Produit intérieur brut par habitant","2013","2013","","38344.045038","Fc","Donnée calculée",""
"MK","Indicateurs macro","156","Nouvelle-Zélande","6119","Valeur (US $)","22014","Produit intérieur brut par habitant","2012","2012","","39436.665571","Fc","Donnée calculée",""
"MK","Indicateurs macro","156","Nouvelle-Zélande","6119","Valeur (US $)","22014","Produit intérieur brut par habitant","2013","2013","","42232.040825","Fc","Donnée calculée",""
"MK","Indicateurs macro","221","Oman","6119","Valeur (US $)","22014","Produit intérieur brut par habitant","2012","2012","","22134.910056","Fc","Donnée calculée",""
"MK","Indicateurs macro","221","Oman","6119","Valeur (US $)","22014","Produit intérieur brut par habitant","2013","2013","","21268.756403","Fc","Donnée calculée",""
"MK","Indicateurs macro","226","Ouganda","6119","Valeur (US $)","22014","Produit intérieur brut par habitant","2012","2012","","674.93055","Fc","Donnée calculée",""
"MK","Indicateurs macro","226","Ouganda","6119","Valeur (US $)","22014","Produit intérieur brut par habitant","2013","2013","","687.24185","Fc","Donnée calculée",""
"MK","Indicateurs macro","235","Ouzbékistan","6119","Valeur (US $)","22014","Produit intérieur brut par habitant","2012","2012","","1764.559386","Fc","Donnée calculée",""
"MK","Indicateurs macro","235","Ouzbékistan","6119","Valeur (US $)","22014","Produit intérieur brut par habitant","2013","2013","","1933.98262","Fc","Donnée calculée",""
"MK","Indicateurs macro","165","Pakistan","6119","Valeur (US $)","22014","Produit intérieur brut par habitant","2012","2012","","1206.451626","Fc","Donnée calculée",""
"MK","Indicateurs macro","165","Pakistan","6119","Valeur (US $)","22014","Produit intérieur brut par habitant","2013","2013","","1212.181336","Fc","Donnée calculée",""
"MK","Indicateurs macro","180","Palaos","6119","Valeur (US $)","22014","Produit intérieur brut par habitant","2012","2012","","10362.029097","Fc","Donnée calculée",""
"MK","Indicateurs macro","180","Palaos","6119","Valeur (US $)","22014","Produit intérieur brut par habitant","2013","2013","","10899.235182","Fc","Donnée calculée",""
"MK","Indicateurs macro","166","Panama","6119","Valeur (US $)","22014","Produit intérieur brut par habitant","2012","2012","","10589.827141","Fc","Donnée calculée",""
"MK","Indicateurs macro","166","Panama","6119","Valeur (US $)","22014","Produit intérieur brut par habitant","2013","2013","","11685.979826","Fc","Donnée calculée",""
"MK","Indicateurs macro","168","Papouasie-Nouvelle-Guinée","6119","Valeur (US $)","22014","Produit intérieur brut par habitant","2012","2012","","2862.125368","Fc","Donnée calculée",""
"MK","Indicateurs macro","168","Papouasie-Nouvelle-Guinée","6119","Valeur (US $)","22014","Produit intérieur brut par habitant","2013","2013","","2784.783007","Fc","Donnée calculée",""
"MK","Indicateurs macro","169","Paraguay","6119","Valeur (US $)","22014","Produit intérieur brut par habitant","2012","2012","","3855.537747","Fc","Donnée calculée",""
"MK","Indicateurs macro","169","Paraguay","6119","Valeur (US $)","22014","Produit intérieur brut par habitant","2013","2013","","4479.905893","Fc","Donnée calculée",""
"MK","Indicateurs macro","150","Pays-Bas","6119","Valeur (US $)","22014","Produit intérieur brut par habitant","2012","2012","","49374.121261","Fc","Donnée calculée",""
"MK","Indicateurs macro","150","Pays-Bas","6119","Valeur (US $)","22014","Produit intérieur brut par habitant","2013","2013","","51466.478134","Fc","Donnée calculée",""
"MK","Indicateurs macro","170","Pérou","6119","Valeur (US $)","22014","Produit intérieur brut par habitant","2012","2012","","6387.818175","Fc","Donnée calculée",""
"MK","Indicateurs macro","170","Pérou","6119","Valeur (US $)","22014","Produit intérieur brut par habitant","2013","2013","","6583.118622","Fc","Donnée calculée",""
"MK","Indicateurs macro","171","Philippines","6119","Valeur (US $)","22014","Produit intérieur brut par habitant","2012","2012","","2581.81887","Fc","Donnée calculée",""
"MK","Indicateurs macro","171","Philippines","6119","Valeur (US $)","22014","Produit intérieur brut par habitant","2013","2013","","2760.290133","Fc","Donnée calculée",""
"MK","Indicateurs macro","173","Pologne","6119","Valeur (US $)","22014","Produit intérieur brut par habitant","2012","2012","","13058.150151","Fc","Donnée calculée",""
"MK","Indicateurs macro","173","Pologne","6119","Valeur (US $)","22014","Produit intérieur brut par habitant","2013","2013","","13684.131318","Fc","Donnée calculée",""
"MK","Indicateurs macro","70","Polynésie française","6119","Valeur (US $)","22014","Produit intérieur brut par habitant","2012","2012","","20953.70213","Fc","Donnée calculée",""
"MK","Indicateurs macro","70","Polynésie française","6119","Valeur (US $)","22014","Produit intérieur brut par habitant","2013","2013","","22045.687291","Fc","Donnée calculée",""
"MK","Indicateurs macro","177","Porto Rico","6119","Valeur (US $)","22014","Produit intérieur brut par habitant","2012","2012","","27467.941159","Fc","Donnée calculée",""
"MK","Indicateurs macro","177","Porto Rico","6119","Valeur (US $)","22014","Produit intérieur brut par habitant","2013","2013","","27773.839348","Fc","Donnée calculée",""
"MK","Indicateurs macro","174","Portugal","6119","Valeur (US $)","22014","Produit intérieur brut par habitant","2012","2012","","20447.159204","Fc","Donnée calculée",""
"MK","Indicateurs macro","174","Portugal","6119","Valeur (US $)","22014","Produit intérieur brut par habitant","2013","2013","","21474.211015","Fc","Donnée calculée",""
"MK","Indicateurs macro","179","Qatar","6119","Valeur (US $)","22014","Produit intérieur brut par habitant","2012","2012","","88564.822978","Fc","Donnée calculée",""
"MK","Indicateurs macro","179","Qatar","6119","Valeur (US $)","22014","Produit intérieur brut par habitant","2013","2013","","88304.879574","Fc","Donnée calculée",""
"MK","Indicateurs macro","212","République arabe syrienne","6119","Valeur (US $)","22014","Produit intérieur brut par habitant","2012","2012","","1961.60183","Fc","Donnée calculée",""
"MK","Indicateurs macro","212","République arabe syrienne","6119","Valeur (US $)","22014","Produit intérieur brut par habitant","2013","2013","","1598.586565","Fc","Donnée calculée",""
"MK","Indicateurs macro","37","République centrafricaine","6119","Valeur (US $)","22014","Produit intérieur brut par habitant","2012","2012","","498.116431","Fc","Donnée calculée",""
"MK","Indicateurs macro","37","République centrafricaine","6119","Valeur (US $)","22014","Produit intérieur brut par habitant","2013","2013","","347.913167","Fc","Donnée calculée",""
"MK","Indicateurs macro","117","République de Corée","6119","Valeur (US $)","22014","Produit intérieur brut par habitant","2012","2012","","24479.526009","Fc","Donnée calculée",""
"MK","Indicateurs macro","117","République de Corée","6119","Valeur (US $)","22014","Produit intérieur brut par habitant","2013","2013","","26024.012111","Fc","Donnée calculée",""
"MK","Indicateurs macro","146","République de Moldova","6119","Valeur (US $)","22014","Produit intérieur brut par habitant","2012","2012","","1788.216871","Fc","Donnée calculée",""
"MK","Indicateurs macro","146","République de Moldova","6119","Valeur (US $)","22014","Produit intérieur brut par habitant","2013","2013","","1961.072076","Fc","Donnée calculée",""
"MK","Indicateurs macro","250","République démocratique du Congo","6119","Valeur (US $)","22014","Produit intérieur brut par habitant","2012","2012","","424.859809","Fc","Donnée calculée",""
"MK","Indicateurs macro","250","République démocratique du Congo","6119","Valeur (US $)","22014","Produit intérieur brut par habitant","2013","2013","","458.125692","Fc","Donnée calculée",""
"MK","Indicateurs macro","120","République démocratique populaire lao","6119","Valeur (US $)","22014","Produit intérieur brut par habitant","2012","2012","","1588.633147","Fc","Donnée calculée",""
"MK","Indicateurs macro","120","République démocratique populaire lao","6119","Valeur (US $)","22014","Produit intérieur brut par habitant","2013","2013","","1838.80602","Fc","Donnée calculée",""
"MK","Indicateurs macro","56","République dominicaine","6119","Valeur (US $)","22014","Produit intérieur brut par habitant","2012","2012","","5968.883388","Fc","Donnée calculée",""
"MK","Indicateurs macro","56","République dominicaine","6119","Valeur (US $)","22014","Produit intérieur brut par habitant","2013","2013","","6027.049213","Fc","Donnée calculée",""
"MK","Indicateurs macro","116","République populaire démocratique de Corée","6119","Valeur (US $)","22014","Produit intérieur brut par habitant","2012","2012","","643.217707","Fc","Donnée calculée",""
"MK","Indicateurs macro","116","République populaire démocratique de Corée","6119","Valeur (US $)","22014","Produit intérieur brut par habitant","2013","2013","","666.272365","Fc","Donnée calculée",""
"MK","Indicateurs macro","215","République-Unie de Tanzanie","6119","Valeur (US $)","22014","Produit intérieur brut par habitant","2012","2012","","810.819216","Fc","Donnée calculée",""
"MK","Indicateurs macro","215","République-Unie de Tanzanie","6119","Valeur (US $)","22014","Produit intérieur brut par habitant","2013","2013","","898.349499","Fc","Donnée calculée",""
"MK","Indicateurs macro","183","Roumanie","6119","Valeur (US $)","22014","Produit intérieur brut par habitant","2012","2012","","8510.359852","Fc","Donnée calculée",""
"MK","Indicateurs macro","183","Roumanie","6119","Valeur (US $)","22014","Produit intérieur brut par habitant","2013","2013","","9544.854848","Fc","Donnée calculée",""
"MK","Indicateurs macro","229","Royaume-Uni","6119","Valeur (US $)","22014","Produit intérieur brut par habitant","2012","2012","","41433.019387","Fc","Donnée calculée",""
"MK","Indicateurs macro","229","Royaume-Uni","6119","Valeur (US $)","22014","Produit intérieur brut par habitant","2013","2013","","42385.080963","Fc","Donnée calculée",""
"MK","Indicateurs macro","184","Rwanda","6119","Valeur (US $)","22014","Produit intérieur brut par habitant","2012","2012","","678.07965","Fc","Donnée calculée",""
"MK","Indicateurs macro","184","Rwanda","6119","Valeur (US $)","22014","Produit intérieur brut par habitant","2013","2013","","688.876883","Fc","Donnée calculée",""
"MK","Indicateurs macro","189","Sainte-Lucie","6119","Valeur (US $)","22014","Produit intérieur brut par habitant","2012","2012","","7450.834597","Fc","Donnée calculée",""
"MK","Indicateurs macro","189","Sainte-Lucie","6119","Valeur (US $)","22014","Produit intérieur brut par habitant","2013","2013","","7603.788464","Fc","Donnée calculée",""
"MK","Indicateurs macro","188","Saint-Kitts-et-Nevis","6119","Valeur (US $)","22014","Produit intérieur brut par habitant","2012","2012","","13965.558443","Fc","Donnée calculée",""
"MK","Indicateurs macro","188","Saint-Kitts-et-Nevis","6119","Valeur (US $)","22014","Produit intérieur brut par habitant","2013","2013","","14823.748773","Fc","Donnée calculée",""
"MK","Indicateurs macro","192","Saint-Marin","6119","Valeur (US $)","22014","Produit intérieur brut par habitant","2012","2012","","56420.562603","Fc","Donnée calculée",""
"MK","Indicateurs macro","192","Saint-Marin","6119","Valeur (US $)","22014","Produit intérieur brut par habitant","2013","2013","","57735.033037","Fc","Donnée calculée",""
"MK","Indicateurs macro","191","Saint-Vincent-et-les Grenadines","6119","Valeur (US $)","22014","Produit intérieur brut par habitant","2012","2012","","6338.249562","Fc","Donnée calculée",""
"MK","Indicateurs macro","191","Saint-Vincent-et-les Grenadines","6119","Valeur (US $)","22014","Produit intérieur brut par habitant","2013","2013","","6597.213752","Fc","Donnée calculée",""
"MK","Indicateurs macro","244","Samoa","6119","Valeur (US $)","22014","Produit intérieur brut par habitant","2012","2012","","4228.758607","Fc","Donnée calculée",""
"MK","Indicateurs macro","244","Samoa","6119","Valeur (US $)","22014","Produit intérieur brut par habitant","2013","2013","","4217.831676","Fc","Donnée calculée",""
"MK","Indicateurs macro","193","Sao Tomé-et-Principe","6119","Valeur (US $)","22014","Produit intérieur brut par habitant","2012","2012","","1380.950092","Fc","Donnée calculée",""
"MK","Indicateurs macro","193","Sao Tomé-et-Principe","6119","Valeur (US $)","22014","Produit intérieur brut par habitant","2013","2013","","1619.532714","Fc","Donnée calculée",""
"MK","Indicateurs macro","195","Sénégal","6119","Valeur (US $)","22014","Produit intérieur brut par habitant","2012","2012","","1037.471223","Fc","Donnée calculée",""
"MK","Indicateurs macro","195","Sénégal","6119","Valeur (US $)","22014","Produit intérieur brut par habitant","2013","2013","","1051.427725","Fc","Donnée calculée",""
"MK","Indicateurs macro","272","Serbie","6119","Valeur (US $)","22014","Produit intérieur brut par habitant","2012","2012","","5657.485048","Fc","Donnée calculée",""
"MK","Indicateurs macro","272","Serbie","6119","Valeur (US $)","22014","Produit intérieur brut par habitant","2013","2013","","6351.678982","Fc","Donnée calculée",""
"MK","Indicateurs macro","196","Seychelles","6119","Valeur (US $)","22014","Produit intérieur brut par habitant","2012","2012","","11480.700775","Fc","Donnée calculée",""
"MK","Indicateurs macro","196","Seychelles","6119","Valeur (US $)","22014","Produit intérieur brut par habitant","2013","2013","","14316.710916","Fc","Donnée calculée",""
"MK","Indicateurs macro","197","Sierra Leone","6119","Valeur (US $)","22014","Produit intérieur brut par habitant","2012","2012","","561.85971","Fc","Donnée calculée",""
"MK","Indicateurs macro","197","Sierra Leone","6119","Valeur (US $)","22014","Produit intérieur brut par habitant","2013","2013","","710.810025","Fc","Donnée calculée",""
"MK","Indicateurs macro","200","Singapour","6119","Valeur (US $)","22014","Produit intérieur brut par habitant","2012","2012","","54860.544349","Fc","Donnée calculée",""
"MK","Indicateurs macro","200","Singapour","6119","Valeur (US $)","22014","Produit intérieur brut par habitant","2013","2013","","56429.745747","Fc","Donnée calculée",""
"MK","Indicateurs macro","280","Sint Maarten (Partie Néerlandaise)","6119","Valeur (US $)","22014","Produit intérieur brut par habitant","2012","2012","","28060.372261","Fc","Donnée calculée",""
"MK","Indicateurs macro","280","Sint Maarten (Partie Néerlandaise)","6119","Valeur (US $)","22014","Produit intérieur brut par habitant","2013","2013","","28072.106715","Fc","Donnée calculée",""
"MK","Indicateurs macro","199","Slovaquie","6119","Valeur (US $)","22014","Produit intérieur brut par habitant","2012","2012","","17244.376195","Fc","Donnée calculée",""
"MK","Indicateurs macro","199","Slovaquie","6119","Valeur (US $)","22014","Produit intérieur brut par habitant","2013","2013","","18152.256133","Fc","Donnée calculée",""
"MK","Indicateurs macro","198","Slovénie","6119","Valeur (US $)","22014","Produit intérieur brut par habitant","2012","2012","","22497.101406","Fc","Donnée calculée",""
"MK","Indicateurs macro","198","Slovénie","6119","Valeur (US $)","22014","Produit intérieur brut par habitant","2013","2013","","23288.231184","Fc","Donnée calculée",""
"MK","Indicateurs macro","201","Somalie","6119","Valeur (US $)","22014","Produit intérieur brut par habitant","2012","2012","","102.311249","Fc","Donnée calculée",""
"MK","Indicateurs macro","201","Somalie","6119","Valeur (US $)","22014","Produit intérieur brut par habitant","2013","2013","","106.512965","Fc","Donnée calculée",""
"MK","Indicateurs macro","276","Soudan","6119","Valeur (US $)","22014","Produit intérieur brut par habitant","2012","2012","","1719.322224","Fc","Donnée calculée",""
"MK","Indicateurs macro","276","Soudan","6119","Valeur (US $)","22014","Produit intérieur brut par habitant","2013","2013","","1734.377426","Fc","Donnée calculée",""
"MK","Indicateurs macro","277","Soudan du Sud","6119","Valeur (US $)","22014","Produit intérieur brut par habitant","2012","2012","","884.593685","Fc","Donnée calculée",""
"MK","Indicateurs macro","277","Soudan du Sud","6119","Valeur (US $)","22014","Produit intérieur brut par habitant","2013","2013","","1201.327893","Fc","Donnée calculée",""
"MK","Indicateurs macro","38","Sri Lanka","6119","Valeur (US $)","22014","Produit intérieur brut par habitant","2012","2012","","3350.595979","Fc","Donnée calculée",""
"MK","Indicateurs macro","38","Sri Lanka","6119","Valeur (US $)","22014","Produit intérieur brut par habitant","2013","2013","","3620.448452","Fc","Donnée calculée",""
"MK","Indicateurs macro","210","Suède","6119","Valeur (US $)","22014","Produit intérieur brut par habitant","2012","2012","","57005.13041","Fc","Donnée calculée",""
"MK","Indicateurs macro","210","Suède","6119","Valeur (US $)","22014","Produit intérieur brut par habitant","2013","2013","","60190.029595","Fc","Donnée calculée",""
"MK","Indicateurs macro","211","Suisse","6119","Valeur (US $)","22014","Produit intérieur brut par habitant","2012","2012","","83176.17807","Fc","Donnée calculée",""
"MK","Indicateurs macro","211","Suisse","6119","Valeur (US $)","22014","Produit intérieur brut par habitant","2013","2013","","84659.015403","Fc","Donnée calculée",""
"MK","Indicateurs macro","207","Suriname","6119","Valeur (US $)","22014","Produit intérieur brut par habitant","2012","2012","","9272.230081","Fc","Donnée calculée",""
"MK","Indicateurs macro","207","Suriname","6119","Valeur (US $)","22014","Produit intérieur brut par habitant","2013","2013","","9484.379311","Fc","Donnée calculée",""
"MK","Indicateurs macro","209","Eswatini","6119","Valeur (US $)","22014","Produit intérieur brut par habitant","2012","2012","","3830.775049","Fc","Donnée calculée",""
"MK","Indicateurs macro","209","Eswatini","6119","Valeur (US $)","22014","Produit intérieur brut par habitant","2013","2013","","3590.262955","Fc","Donnée calculée",""
"MK","Indicateurs macro","208","Tadjikistan","6119","Valeur (US $)","22014","Produit intérieur brut par habitant","2012","2012","","954.718846","Fc","Donnée calculée",""
"MK","Indicateurs macro","208","Tadjikistan","6119","Valeur (US $)","22014","Produit intérieur brut par habitant","2013","2013","","1040.155801","Fc","Donnée calculée",""
"MK","Indicateurs macro","39","Tchad","6119","Valeur (US $)","22014","Produit intérieur brut par habitant","2012","2012","","1102.2188","Fc","Donnée calculée",""
"MK","Indicateurs macro","39","Tchad","6119","Valeur (US $)","22014","Produit intérieur brut par habitant","2013","2013","","1051.306964","Fc","Donnée calculée",""
"MK","Indicateurs macro","167","Tchéquie (la)","6119","Valeur (US $)","22014","Produit intérieur brut par habitant","2012","2012","","19588.289993","Fc","Donnée calculée",""
"MK","Indicateurs macro","167","Tchéquie (la)","6119","Valeur (US $)","22014","Produit intérieur brut par habitant","2013","2013","","19765.238618","Fc","Donnée calculée",""
"MK","Indicateurs macro","299","Territoire palestinien occupé","6119","Valeur (US $)","22014","Produit intérieur brut par habitant","2012","2012","","2626.194423","Fc","Donnée calculée",""
"MK","Indicateurs macro","299","Territoire palestinien occupé","6119","Valeur (US $)","22014","Produit intérieur brut par habitant","2013","2013","","2826.048941","Fc","Donnée calculée",""
"MK","Indicateurs macro","216","Thaïlande","6119","Valeur (US $)","22014","Produit intérieur brut par habitant","2012","2012","","5859.920038","Fc","Donnée calculée",""
"MK","Indicateurs macro","216","Thaïlande","6119","Valeur (US $)","22014","Produit intérieur brut par habitant","2013","2013","","6171.263886","Fc","Donnée calculée",""
"MK","Indicateurs macro","176","Timor-Leste","6119","Valeur (US $)","22014","Produit intérieur brut par habitant","2012","2012","","5762.762986","Fc","Donnée calculée",""
"MK","Indicateurs macro","176","Timor-Leste","6119","Valeur (US $)","22014","Produit intérieur brut par habitant","2013","2013","","4765.745372","Fc","Donnée calculée",""
"MK","Indicateurs macro","217","Togo","6119","Valeur (US $)","22014","Produit intérieur brut par habitant","2012","2012","","564.697109","Fc","Donnée calculée",""
"MK","Indicateurs macro","217","Togo","6119","Valeur (US $)","22014","Produit intérieur brut par habitant","2013","2013","","613.440163","Fc","Donnée calculée",""
"MK","Indicateurs macro","219","Tonga","6119","Valeur (US $)","22014","Produit intérieur brut par habitant","2012","2012","","4436.896473","Fc","Donnée calculée",""
"MK","Indicateurs macro","219","Tonga","6119","Valeur (US $)","22014","Produit intérieur brut par habitant","2013","2013","","4181.528091","Fc","Donnée calculée",""
"MK","Indicateurs macro","220","Trinité-et-Tobago","6119","Valeur (US $)","22014","Produit intérieur brut par habitant","2012","2012","","19152.045095","Fc","Donnée calculée",""
"MK","Indicateurs macro","220","Trinité-et-Tobago","6119","Valeur (US $)","22014","Produit intérieur brut par habitant","2013","2013","","19613.867976","Fc","Donnée calculée",""
"MK","Indicateurs macro","222","Tunisie","6119","Valeur (US $)","22014","Produit intérieur brut par habitant","2012","2012","","4137.572376","Fc","Donnée calculée",""
"MK","Indicateurs macro","222","Tunisie","6119","Valeur (US $)","22014","Produit intérieur brut par habitant","2013","2013","","4199.600307","Fc","Donnée calculée",""
"MK","Indicateurs macro","213","Turkménistan","6119","Valeur (US $)","22014","Produit intérieur brut par habitant","2012","2012","","6675.262954","Fc","Donnée calculée",""
"MK","Indicateurs macro","213","Turkménistan","6119","Valeur (US $)","22014","Produit intérieur brut par habitant","2013","2013","","7304.420525","Fc","Donnée calculée",""
"MK","Indicateurs macro","223","Turquie","6119","Valeur (US $)","22014","Produit intérieur brut par habitant","2012","2012","","11720.307709","Fc","Donnée calculée",""
"MK","Indicateurs macro","223","Turquie","6119","Valeur (US $)","22014","Produit intérieur brut par habitant","2013","2013","","12542.930758","Fc","Donnée calculée",""
"MK","Indicateurs macro","227","Tuvalu","6119","Valeur (US $)","22014","Produit intérieur brut par habitant","2012","2012","","3718.014743","Fc","Donnée calculée",""
"MK","Indicateurs macro","227","Tuvalu","6119","Valeur (US $)","22014","Produit intérieur brut par habitant","2013","2013","","3541.986647","Fc","Donnée calculée",""
"MK","Indicateurs macro","230","Ukraine","6119","Valeur (US $)","22014","Produit intérieur brut par habitant","2012","2012","","3876.148163","Fc","Donnée calculée",""
"MK","Indicateurs macro","230","Ukraine","6119","Valeur (US $)","22014","Produit intérieur brut par habitant","2013","2013","","4063.104441","Fc","Donnée calculée",""
"MK","Indicateurs macro","234","Uruguay","6119","Valeur (US $)","22014","Produit intérieur brut par habitant","2012","2012","","15092.093699","Fc","Donnée calculée",""
"MK","Indicateurs macro","234","Uruguay","6119","Valeur (US $)","22014","Produit intérieur brut par habitant","2013","2013","","16881.202977","Fc","Donnée calculée",""
"MK","Indicateurs macro","155","Vanuatu","6119","Valeur (US $)","22014","Produit intérieur brut par habitant","2012","2012","","3158.58688","Fc","Donnée calculée",""
"MK","Indicateurs macro","155","Vanuatu","6119","Valeur (US $)","22014","Produit intérieur brut par habitant","2013","2013","","3167.343056","Fc","Donnée calculée",""
"MK","Indicateurs macro","236","Venezuela (République bolivarienne du)","6119","Valeur (US $)","22014","Produit intérieur brut par habitant","2012","2012","","12754.991815","Fc","Donnée calculée",""
"MK","Indicateurs macro","236","Venezuela (République bolivarienne du)","6119","Valeur (US $)","22014","Produit intérieur brut par habitant","2013","2013","","12248.175454","Fc","Donnée calculée",""
"MK","Indicateurs macro","237","Viet Nam","6119","Valeur (US $)","22014","Produit intérieur brut par habitant","2012","2012","","1722.683931","Fc","Donnée calculée",""
"MK","Indicateurs macro","237","Viet Nam","6119","Valeur (US $)","22014","Produit intérieur brut par habitant","2013","2013","","1871.325494","Fc","Donnée calculée",""
"MK","Indicateurs macro","249","Yémen","6119","Valeur (US $)","22014","Produit intérieur brut par habitant","2012","2012","","1287.62773","Fc","Donnée calculée",""
"MK","Indicateurs macro","249","Yémen","6119","Valeur (US $)","22014","Produit intérieur brut par habitant","2013","2013","","1358.885271","Fc","Donnée calculée",""
"MK","Indicateurs macro","251","Zambie","6119","Valeur (US $)","22014","Produit intérieur brut par habitant","2012","2012","","1734.946567","Fc","Donnée calculée",""
"MK","Indicateurs macro","251","Zambie","6119","Valeur (US $)","22014","Produit intérieur brut par habitant","2013","2013","","1850.797795","Fc","Donnée calculée",""
"MK","Indicateurs macro","181","Zimbabwe","6119","Valeur (US $)","22014","Produit intérieur brut par habitant","2012","2012","","955.648467","Fc","Donnée calculée",""
"MK","Indicateurs macro","181","Zimbabwe","6119","Valeur (US $)","22014","Produit intérieur brut par habitant","2013","2013","","1011.227398","Fc","Donnée calculée",""
